time,RIV1-3-1,RIV1-4-2,RIV1-5-3
1.000000000000,22.43798977,6.524327397,1.608547043
