time,RIV2-10-1,RIV-2-9-2,RIV2-8-3
1.000000000000,0.3944289758,1.157375020,1.752290096
