time,RIV2-10-1,RIV-2-9-2,RIV2-8-3
1.000000000000,0.000000000,-760.0617805,-404.0704273
