time,RIV1-3-1,RIV1-4-2,RIV1-5-3
1.000000000000,0.000000000,-774.1824555,-356.3148410
